ID,Age,Sex,H&Y stage,NETdose(mCi),NETdose(Mbq),Weight(Lbs),Weight(Kgs),Height,Genotype
1010,58,M,2,14.33,530.21,156,70.76040972,6',AG
1016,67,M,2,15.88,587.57,180,81.6466266,5'9'',AG
1017,59,M,1,14.24,526.80,235,106.594207,6'2'',GG
1027,71,M,2,15.81,584.98,194,87.99691978,6',GG
1028,73,F,2,16.60,614.02,122,55.33826914,5'1'',GG
1029,70,F,2,15.20,,174,78.92507238,5'3'',AA
1031,69,F,1,12.64,467.58,140,63.5029318,"5'58""",AG
1032,70,M,2,13.54,500.92,172,78.01788764,6',AG
1041,56,F,1,15.77,583.50,116,52.61671492,5'4'',GG
1047,62,M,2,12.97,479.66,190,86.1825503,6',GG
1049,67,M,2,14.80,547.24,180,81.6466266,5'9'',GG
1051,69,M,2,15.34,567.66,225,102.0582833,5'7'',AG
1053,65,F,2,14.19,524.99,121,54.88467677,5',AG